,Iteration,Time,Fitness,Temperature,max_iters
0,0,0.0001250999998774205,2617.338979290928,10,8192
1,1,0.0011939999999412976,2675.3070238397345,10,8192
2,2,0.014821900000015376,2693.008891178835,10,8192
3,3,0.024845299999924464,2693.008891178835,10,8192
4,4,0.024967299999843817,2984.5950288782037,10,8192
5,5,0.03491459999986546,3026.2239543412757,10,8192
6,6,0.035073300000021845,3026.2239543412757,10,8192
7,7,0.035184699999945224,3026.2239543412757,10,8192
8,8,0.0352960999998686,3012.148360908774,10,8192
9,9,0.044586199999912424,3012.148360908774,10,8192
10,10,0.04470379999997931,3028.42000006898,10,8192
11,11,0.044854699999859804,3028.469262534803,10,8192
12,12,0.04499929999997221,3028.469262534803,10,8192
13,13,0.045102699999915785,3033.6439216106164,10,8192
14,14,0.04524390000005951,3033.6439216106164,10,8192
15,15,0.04542019999985314,3105.8906358889967,10,8192
16,16,0.045559400000001915,3105.8906358889967,10,8192
17,17,0.055959999999913634,3130.430556466656,10,8192
18,18,0.05612729999984367,3130.430556466656,10,8192
19,19,0.05623790000004192,3130.430556466656,10,8192
20,20,0.05638909999993302,3130.430556466656,10,8192
21,21,0.056493699999919045,3130.430556466656,10,8192
22,22,0.056597699999883844,3130.430556466656,10,8192
23,23,0.05669910000005984,3130.430556466656,10,8192
24,24,0.05679989999998725,3130.430556466656,10,8192
25,25,0.05690069999991465,3130.430556466656,10,8192
26,26,0.05700309999997444,3161.1744923162873,10,8192
27,27,0.05714369999986957,3169.412675234154,10,8192
28,28,0.057309399999894595,3194.3254816349704,10,8192
29,29,0.05746369999997114,3194.3254816349704,10,8192
30,30,0.05756610000003093,3194.3254816349704,10,8192
31,31,0.057667499999979555,3194.3254816349704,10,8192
32,32,0.05776709999986451,3249.916406116463,10,8192
33,33,0.06850579999991169,3249.916406116463,10,8192
34,34,0.06862980000005336,3249.916406116463,10,8192
35,35,0.06874199999992925,3249.916406116463,10,8192
36,36,0.06885089999991578,3263.9045963687245,10,8192
37,37,0.06899869999983821,3288.703930388445,10,8192
38,38,0.06914389999997184,3570.3075492216794,10,8192
39,39,0.06932499999993524,3570.3075492216794,10,8192
40,40,0.06942909999997937,3570.3075492216794,10,8192
41,41,0.06953269999985423,3570.3075492216794,10,8192
42,42,0.06963539999992463,3570.3075492216794,10,8192
43,43,0.06973760000005313,3728.6595578386373,10,8192
44,44,0.06987849999995888,3754.1257129226765,10,8192
45,45,0.07001869999999144,3754.1257129226765,10,8192
46,46,0.07012119999990318,3754.1257129226765,10,8192
47,47,0.07022359999996297,3754.1257129226765,10,8192
48,48,0.07039719999988847,3754.1257129226765,10,8192
49,49,0.07049830000005386,3754.1257129226765,10,8192
50,50,0.07059929999991255,3754.1257129226765,10,8192
51,51,0.07069959999989806,3754.1257129226765,10,8192
52,52,0.07079879999992045,3751.7053690520606,10,8192
53,53,0.07094280000001163,3751.7053690520606,10,8192
54,54,0.07104379999987032,3751.7053690520606,10,8192
55,55,0.07114439999986644,3751.7053690520606,10,8192
56,56,0.07124389999989944,3751.7053690520606,10,8192
57,57,0.07138269999995828,3751.7053690520606,10,8192
58,58,0.07148170000004939,3751.7053690520606,10,8192
59,59,0.07158179999987624,3751.7053690520606,10,8192
60,60,0.07168109999997796,3751.7053690520606,10,8192
61,61,0.07178019999992102,3750.199975605286,10,8192
62,62,0.07192510000004404,3769.3000318321215,10,8192
63,63,0.07206619999988106,3769.3000318321215,10,8192
64,64,0.07216769999990902,3769.3000318321215,10,8192
65,65,0.08275269999990087,3769.3000318321215,10,8192
66,66,0.08288210000000618,3788.8773335111077,10,8192
67,67,0.08303989999990335,3788.8773335111077,10,8192
68,68,0.08315019999986362,3788.8773335111077,10,8192
69,69,0.08325829999989764,3794.074867085703,10,8192
70,70,0.0834552999999687,3794.074867085703,10,8192
71,71,0.08359739999991689,3794.074867085703,10,8192
72,72,0.0837048999999297,3794.074867085703,10,8192
73,73,0.0838119000000006,3794.074867085703,10,8192
74,74,0.08391559999995479,3794.074867085703,10,8192
75,75,0.0840186000000358,3794.074867085703,10,8192
76,76,0.08412219999991066,3794.074867085703,10,8192
77,77,0.08422479999990173,3794.074867085703,10,8192
78,78,0.08441879999986668,3794.074867085703,10,8192
79,79,0.0845256000000063,3794.074867085703,10,8192
80,80,0.08466550000002826,3794.074867085703,10,8192
81,81,0.08478479999985211,3794.074867085703,10,8192
82,82,0.0848879999998644,3794.074867085703,10,8192
83,83,0.08499000000006163,3794.074867085703,10,8192
84,84,0.08509170000002086,3794.074867085703,10,8192
85,85,0.08519320000004882,3794.074867085703,10,8192
86,86,0.08530049999990297,3794.074867085703,10,8192
87,87,0.08540270000003147,3794.074867085703,10,8192
88,88,0.08550459999992199,3794.074867085703,10,8192
89,89,0.08560799999986557,3794.074867085703,10,8192
90,90,0.08570910000003096,3794.074867085703,10,8192
91,91,0.08581140000001142,3794.074867085703,10,8192
92,92,0.08591309999997065,3794.074867085703,10,8192
93,93,0.0860150999999405,3794.074867085703,10,8192
94,94,0.08611670000004779,3794.074867085703,10,8192
95,95,0.08621769999990647,3794.074867085703,10,8192
96,96,0.08632319999992433,3794.074867085703,10,8192
97,97,0.08642389999999978,3788.8773335111077,10,8192
98,98,0.08656959999984792,3788.8773335111077,10,8192
99,99,0.08667379999997138,3788.8773335111077,10,8192
100,100,0.086777100000063,3788.8773335111077,10,8192
101,101,0.08688039999992725,3788.8773335111077,10,8192
102,102,0.08698340000000826,3821.56253400093,10,8192
103,103,0.08712530000002516,3821.56253400093,10,8192
104,104,0.08722979999993186,3821.56253400093,10,8192
105,105,0.08740569999986292,3821.56253400093,10,8192
106,106,0.08750970000005509,3821.56253400093,10,8192
107,107,0.08761469999990368,3821.56253400093,10,8192
108,108,0.08771690000003218,3821.56253400093,10,8192
109,109,0.08782019999989643,3821.56253400093,10,8192
110,110,0.08792180000000371,3821.56253400093,10,8192
111,111,0.08802330000003167,3821.56253400093,10,8192
112,112,0.08812539999985347,3821.56253400093,10,8192
113,113,0.08822789999999259,3821.56253400093,10,8192
114,114,0.08833549999985735,3821.56253400093,10,8192
115,115,0.08843950000004952,3821.56253400093,10,8192
116,116,0.08854279999991377,3837.588684743562,10,8192
117,117,0.08868510000002061,3837.588684743562,10,8192
118,118,0.08878909999998541,3837.588684743562,10,8192
119,119,0.08889309999995021,3867.157473347883,10,8192
120,120,0.08903579999991962,3867.157473347883,10,8192
121,121,0.08914039999990564,3867.157473347883,10,8192
122,122,0.08924449999994977,3867.157473347883,10,8192
123,123,0.08942279999996572,3867.157473347883,10,8192
124,124,0.08952669999985119,3867.157473347883,10,8192
125,125,0.08963029999995342,3867.157473347883,10,8192
126,126,0.08973360000004504,3867.157473347883,10,8192
127,127,0.0898391000000629,3867.157473347883,10,8192
128,128,0.08994239999992715,3867.157473347883,10,8192
129,129,0.10214329999985239,3867.157473347883,10,8192
130,130,0.10229419999996026,3867.157473347883,10,8192
131,131,0.1024278999998387,3867.157473347883,10,8192
132,132,0.10254399999985253,3867.157473347883,10,8192
133,133,0.10265749999985019,3867.157473347883,10,8192
134,134,0.10276920000001155,3867.1733812922157,10,8192
135,135,0.10292110000000321,3867.1733812922157,10,8192
136,136,0.10303239999984726,3867.1733812922157,10,8192
137,137,0.10314199999993434,3867.1733812922157,10,8192
138,138,0.10325069999998959,3867.1733812922157,10,8192
139,139,0.10339920000001257,3867.1733812922157,10,8192
140,140,0.10350829999993039,3867.1733812922157,10,8192
141,141,0.10361620000003313,3867.1733812922157,10,8192
142,142,0.10372310000002471,3867.1733812922157,10,8192
143,143,0.10383009999986825,3867.1733812922157,10,8192
144,144,0.10393720000001849,3867.1733812922157,10,8192
145,145,0.10404359999984081,3867.1733812922157,10,8192
146,146,0.10415050000005976,3867.1733812922157,10,8192
147,147,0.10425789999999324,3867.1733812922157,10,8192
148,148,0.10440459999995255,3867.1733812922157,10,8192
149,149,0.10451319999992847,3867.1733812922157,10,8192
150,150,0.10462050000001,3867.1733812922157,10,8192
151,151,0.10472879999997531,3867.1733812922157,10,8192
152,152,0.1048519999999371,3867.1733812922157,10,8192
153,153,0.10496149999994486,3867.1733812922157,10,8192
154,154,0.10507089999987329,3867.1733812922157,10,8192
155,155,0.10518009999987044,3867.1733812922157,10,8192
156,156,0.10529569999994237,3867.1733812922157,10,8192
157,157,0.10540749999995569,3867.1733812922157,10,8192
158,158,0.10551759999998467,3867.1733812922157,10,8192
159,159,0.10562800000002426,3867.1733812922157,10,8192
160,160,0.10573799999997391,3891.0550365910303,10,8192
161,161,0.10588719999987006,3891.0550365910303,10,8192
162,162,0.10599779999984094,3891.0550365910303,10,8192
163,163,0.10610789999986991,3891.0550365910303,10,8192
164,164,0.10621779999996761,3891.0550365910303,10,8192
165,165,0.10633310000002894,3891.0550365910303,10,8192
166,166,0.10644279999996797,3891.0550365910303,10,8192
167,167,0.1065526999998383,3891.0550365910303,10,8192
168,168,0.10666300000002593,3891.0550365910303,10,8192
169,169,0.10677299999997558,3891.0550365910303,10,8192
170,170,0.10688269999991462,3891.0550365910303,10,8192
171,171,0.10699290000002293,3891.0550365910303,10,8192
172,172,0.10710339999991447,3891.0550365910303,10,8192
173,173,0.10721439999997529,3891.0550365910303,10,8192
174,174,0.10733329999993657,3891.0550365910303,10,8192
175,175,0.10744449999992867,3891.0550365910303,10,8192
176,176,0.10755519999997887,3891.0550365910303,10,8192
177,177,0.10766519999992852,3891.0550365910303,10,8192
178,178,0.10777549999988878,3891.0550365910303,10,8192
179,179,0.10788619999993898,3891.0550365910303,10,8192
180,180,0.10799599999995735,3891.0550365910303,10,8192
181,181,0.10810649999984889,3891.0550365910303,10,8192
182,182,0.10821689999988848,3891.0550365910303,10,8192
183,183,0.10837900000001355,3891.0550365910303,10,8192
184,184,0.10849050000001625,3891.0550365910303,10,8192
185,185,0.10860209999987092,3891.0550365910303,10,8192
186,186,0.10871359999987362,3891.0550365910303,10,8192
187,187,0.10882569999989755,3891.0550365910303,10,8192
188,188,0.1089375999999902,3891.0550365910303,10,8192
189,189,0.1090487999999823,3891.0550365910303,10,8192
190,190,0.10916069999984757,3891.0550365910303,10,8192
191,191,0.1092767999998614,3891.0550365910303,10,8192
192,192,0.10941279999997278,3891.0550365910303,10,8192
193,193,0.10952720000000227,3891.0550365910303,10,8192
194,194,0.10964049999984127,3891.0550365910303,10,8192
195,195,0.10975329999996575,3891.0550365910303,10,8192
196,196,0.10986559999992096,3891.0550365910303,10,8192
197,197,0.10997759999986556,3891.0550365910303,10,8192
198,198,0.1100899999999001,3891.0550365910303,10,8192
199,199,0.11020129999997152,3891.0550365910303,10,8192
200,200,0.11031899999989037,3891.0550365910303,10,8192
201,201,0.11043169999993552,3891.0550365910303,10,8192
202,202,0.11054889999991246,3891.0550365910303,10,8192
203,203,0.11066280000000006,3891.0550365910303,10,8192
204,204,0.11077660000000833,3891.0550365910303,10,8192
205,205,0.1108884999998736,3891.0550365910303,10,8192
206,206,0.11100099999998747,3892.746690079628,10,8192
207,207,0.11115479999989475,3892.746690079628,10,8192
208,208,0.11127369999985603,3892.746690079628,10,8192
209,209,0.11156200000004901,3892.746690079628,10,8192
210,210,0.1118552999998883,3892.746690079628,10,8192
211,211,0.11201619999997092,3892.746690079628,10,8192
212,212,0.1122714000000542,3892.746690079628,10,8192
213,213,0.11253569999985302,3892.746690079628,10,8192
214,214,0.11267120000002251,3892.746690079628,10,8192
215,215,0.11279049999984636,3892.746690079628,10,8192
216,216,0.11290800000006129,3892.746690079628,10,8192
217,217,0.11302409999984775,3892.746690079628,10,8192
218,218,0.11314160000006268,3892.746690079628,10,8192
219,219,0.1132698999999775,3892.746690079628,10,8192
220,220,0.11338890000001811,3892.746690079628,10,8192
221,221,0.11350640000000567,3892.746690079628,10,8192
222,222,0.11362349999990329,3892.746690079628,10,8192
223,223,0.11374060000002828,3892.746690079628,10,8192
224,224,0.11385700000005272,3892.746690079628,10,8192
225,225,0.11403300000006311,3892.746690079628,10,8192
226,226,0.1141711000000214,3892.746690079628,10,8192
227,227,0.11432379999996556,3892.746690079628,10,8192
228,228,0.11444879999999102,3892.746690079628,10,8192
229,229,0.11458509999988564,3892.746690079628,10,8192
230,230,0.11472119999984898,3892.746690079628,10,8192
231,231,0.11485369999991235,3892.746690079628,10,8192
232,232,0.11497020000001612,3892.746690079628,10,8192
233,233,0.11508589999994001,3892.746690079628,10,8192
234,234,0.11520470000004934,3892.746690079628,10,8192
235,235,0.1153842999999597,3892.746690079628,10,8192
236,236,0.11550339999985226,3892.746690079628,10,8192
237,237,0.11562149999986104,3892.746690079628,10,8192
238,238,0.11573849999990671,3892.746690079628,10,8192
239,239,0.11585530000002109,3892.746690079628,10,8192
240,240,0.11597149999988687,3892.746690079628,10,8192
241,241,0.11608769999998003,3892.746690079628,10,8192
242,242,0.11620399999992514,3892.746690079628,10,8192
243,243,0.11633050000000367,3892.746690079628,10,8192
244,244,0.11644639999985884,3892.746690079628,10,8192
245,245,0.11656219999986206,3892.746690079628,10,8192
246,246,0.11667839999995522,3892.746690079628,10,8192
247,247,0.11679419999995844,3892.746690079628,10,8192
248,248,0.11690909999992982,3892.746690079628,10,8192
249,249,0.11702439999999115,3892.746690079628,10,8192
250,250,0.1171411000000262,3892.746690079628,10,8192
251,251,0.11726929999986169,3892.746690079628,10,8192
252,252,0.1173874999999498,3892.746690079628,10,8192
253,253,0.1175042999998368,3892.746690079628,10,8192
254,254,0.11761999999998807,3892.746690079628,10,8192
255,255,0.11773629999993318,3892.746690079628,10,8192
256,256,0.11785399999985202,3892.746690079628,10,8192
257,257,0.1313966000000164,3892.746690079628,10,8192
258,258,0.13171669999996993,3892.746690079628,10,8192
259,259,0.1319768999999269,3892.746690079628,10,8192
260,260,0.1322267999998985,3892.746690079628,10,8192
261,261,0.13246060000005855,3892.746690079628,10,8192
262,262,0.13267569999993611,3892.746690079628,10,8192
263,263,0.13279659999989235,3892.746690079628,10,8192
264,264,0.1329160000000229,3892.746690079628,10,8192
265,265,0.13303350000001046,3893.921670035472,10,8192
266,266,0.13319209999986015,3893.921670035472,10,8192
267,267,0.13334880000002158,3893.921670035472,10,8192
268,268,0.13346699999988232,3893.921670035472,10,8192
269,269,0.13358359999983804,3893.921670035472,10,8192
270,270,0.1337025000000267,3893.921670035472,10,8192
271,271,0.13382019999994554,3893.921670035472,10,8192
272,272,0.1339379999999437,3893.921670035472,10,8192
273,273,0.1340556000000106,3893.921670035472,10,8192
274,274,0.13417249999997694,3893.921670035472,10,8192
275,275,0.13429270000006,3893.921670035472,10,8192
276,276,0.13441069999998945,3893.921670035472,10,8192
277,277,0.13452680000000328,3893.921670035472,10,8192
278,278,0.13464229999999588,3893.921670035472,10,8192
279,279,0.13477079999984198,3893.921670035472,10,8192
280,280,0.13488940000002003,3893.921670035472,10,8192
281,281,0.13500780000003942,3893.5388359092713,10,8192
282,282,0.13517189999993207,3893.5388359092713,10,8192
283,283,0.13529479999988325,3893.5388359092713,10,8192
284,284,0.13541510000004564,3893.5388359092713,10,8192
285,285,0.1355329000000438,3893.5388359092713,10,8192
286,286,0.1356501999998727,3893.323402310566,10,8192
287,287,0.13581299999987095,3893.323402310566,10,8192
288,288,0.13593139999989035,3893.323402310566,10,8192
289,289,0.1360505000000103,3893.323402310566,10,8192
290,290,0.13616879999995035,3893.323402310566,10,8192
291,291,0.13629059999993842,3893.323402310566,10,8192
292,292,0.13641099999995276,3893.323402310566,10,8192
293,293,0.13653009999984533,3893.323402310566,10,8192
294,294,0.1366502999999284,3893.323402310566,10,8192
295,295,0.13676999999984218,3893.323402310566,10,8192
296,296,0.1368886999998722,3893.323402310566,10,8192
297,297,0.1370084999998653,3893.323402310566,10,8192
298,298,0.13712680000003274,3893.323402310566,10,8192
299,299,0.13724469999988287,3893.323402310566,10,8192
300,300,0.1373707000000195,3893.323402310566,10,8192
301,301,0.13749050000001262,3893.323402310566,10,8192
302,302,0.13760979999983647,3893.323402310566,10,8192
303,303,0.13772930000004635,3893.323402310566,10,8192
304,304,0.13784929999997075,3893.323402310566,10,8192
305,305,0.1379692000000432,3893.323402310566,10,8192
306,306,0.1380893999998989,3893.323402310566,10,8192
307,307,0.1382086999999501,3893.323402310566,10,8192
308,308,0.13833299999987503,3893.323402310566,10,8192
309,309,0.13845339999988937,3893.7062364367666,10,8192
310,310,0.13861699999984012,3893.7062364367666,10,8192
311,311,0.13873880000005556,3893.7062364367666,10,8192
312,312,0.1388589000000593,3893.7062364367666,10,8192
313,313,0.1389791999999943,3893.7062364367666,10,8192
314,314,0.13910149999992427,3893.7062364367666,10,8192
315,315,0.13922349999984363,3893.7062364367666,10,8192
316,316,0.13941569999997228,3893.7062364367666,10,8192
317,317,0.139539300000024,3893.7062364367666,10,8192
318,318,0.1396614000000227,3893.7062364367666,10,8192
319,319,0.13978210000004765,3893.7062364367666,10,8192
320,320,0.1399036000000251,3893.7062364367666,10,8192
321,321,0.14002430000005006,3893.7062364367666,10,8192
322,322,0.14014469999983703,3893.7062364367666,10,8192
323,323,0.14026620000004186,3893.323402310566,10,8192
324,324,0.14043979999996736,3893.323402310566,10,8192
325,325,0.14056189999996604,3893.323402310566,10,8192
326,326,0.14068199999996978,3893.323402310566,10,8192
327,327,0.14080349999994723,3893.323402310566,10,8192
328,328,0.14092439999990347,3893.323402310566,10,8192
329,329,0.1410449999998491,3893.323402310566,10,8192
330,330,0.14116569999987405,3893.323402310566,10,8192
331,331,0.14129189999994196,3893.323402310566,10,8192
332,332,0.1414151999999831,3893.323402310566,10,8192
333,333,0.1415371000000505,3893.323402310566,10,8192
334,334,0.14165920000004917,3893.323402310566,10,8192
335,335,0.14178169999991042,3893.323402310566,10,8192
336,336,0.1419040999999197,3893.323402310566,10,8192
337,337,0.142024900000024,3893.323402310566,10,8192
338,338,0.14214689999994334,3893.323402310566,10,8192
339,339,0.14227499999992688,3893.323402310566,10,8192
340,340,0.14240089999998418,3893.323402310566,10,8192
341,341,0.14252429999987726,3893.323402310566,10,8192
342,342,0.14264809999986028,3893.323402310566,10,8192
343,343,0.14277169999991202,3893.323402310566,10,8192
344,344,0.14289469999994253,3893.323402310566,10,8192
345,345,0.1430167999999412,3893.323402310566,10,8192
346,346,0.1431387000000086,3893.323402310566,10,8192
347,347,0.14326140000002852,3893.323402310566,10,8192
348,348,0.14338859999998022,3893.323402310566,10,8192
349,349,0.14350960000001578,3893.5388359092713,10,8192
350,350,0.14367160000006152,3893.5388359092713,10,8192
351,351,0.1437949999999546,3893.5388359092713,10,8192
352,352,0.1439192999998795,3893.5388359092713,10,8192
353,353,0.1440424999998413,3893.5388359092713,10,8192
354,354,0.14416519999986122,3893.5388359092713,10,8192
355,355,0.1442939999999453,3893.5388359092713,10,8192
356,356,0.14441899999997077,3893.5388359092713,10,8192
357,357,0.14454269999987446,3893.5388359092713,10,8192
358,358,0.14466619999984687,3893.5388359092713,10,8192
359,359,0.14480230000003758,3893.5388359092713,10,8192
360,360,0.14492219999988265,3893.5388359092713,10,8192
361,361,0.14504269999997632,3893.5388359092713,10,8192
362,362,0.14516279999998005,3893.5388359092713,10,8192
363,363,0.14532749999989392,3896.2268001124276,10,8192
364,364,0.14554259999999886,3896.2268001124276,10,8192
365,365,0.14566579999996065,3896.2268001124276,10,8192
366,366,0.14578759999994872,3896.2268001124276,10,8192
367,367,0.14590829999997368,3896.2268001124276,10,8192
368,368,0.14603009999996175,3896.2268001124276,10,8192
369,369,0.14615170000001854,3896.2268001124276,10,8192
370,370,0.14629850000005717,3896.2268001124276,10,8192
371,371,0.14649259999987407,3912.193329940148,10,8192
372,372,0.14666739999984202,3912.193329940148,10,8192
373,373,0.14678920000005746,3912.193329940148,10,8192
374,374,0.14691100000004553,3912.193329940148,10,8192
375,375,0.1470329999999649,3912.193329940148,10,8192
376,376,0.1471559999999954,3912.193329940148,10,8192
377,377,0.14730069999995976,3912.193329940148,10,8192
378,378,0.1476565999998911,3912.193329940148,10,8192
379,379,0.14804800000001705,3912.193329940148,10,8192
380,380,0.14849359999993794,3912.193329940148,10,8192
381,381,0.1486993999999413,3912.193329940148,10,8192
382,382,0.1488793999999416,3912.193329940148,10,8192
383,383,0.14905739999994694,3912.193329940148,10,8192
384,384,0.14923219999991488,3912.193329940148,10,8192
385,385,0.1494394999999713,3912.193329940148,10,8192
386,386,0.14956779999988612,3912.193329940148,10,8192
387,387,0.14969429999996464,3912.193329940148,10,8192
388,388,0.14981969999985267,3912.193329940148,10,8192
389,389,0.14994469999987814,3912.193329940148,10,8192
390,390,0.15007029999992483,3912.193329940148,10,8192
391,391,0.15019600000005084,3912.193329940148,10,8192
392,392,0.15032580000001872,3912.193329940148,10,8192
393,393,0.15045020000002296,3912.193329940148,10,8192
394,394,0.15057439999986855,3912.193329940148,10,8192
395,395,0.15069819999985157,3912.193329940148,10,8192
396,396,0.15082029999985025,3912.193329940148,10,8192
397,397,0.15094229999999698,3912.193329940148,10,8192
398,398,0.151064199999837,3912.193329940148,10,8192
399,399,0.15118619999998373,3912.193329940148,10,8192
400,400,0.15136839999991025,3912.193329940148,10,8192
401,401,0.15150599999992664,3912.193329940148,10,8192
402,402,0.15162979999990966,3912.193329940148,10,8192
403,403,0.15175279999994018,3912.193329940148,10,8192
404,404,0.15187479999985953,3912.193329940148,10,8192
405,405,0.15199689999985821,3912.193329940148,10,8192
406,406,0.15212499999984175,3912.193329940148,10,8192
407,407,0.15224850000004153,3912.193329940148,10,8192
408,408,0.15237709999996696,3912.193329940148,10,8192
409,409,0.15250089999994998,3912.193329940148,10,8192
410,410,0.15262409999991178,3912.193329940148,10,8192
411,411,0.15274810000005346,3912.193329940148,10,8192
412,412,0.15287069999999403,3912.193329940148,10,8192
413,413,0.15299340000001393,3912.193329940148,10,8192
414,414,0.15311780000001818,3912.193329940148,10,8192
415,415,0.15324119999991126,3912.193329940148,10,8192
416,416,0.15343689999986054,3912.193329940148,10,8192
417,417,0.1535615999998754,3912.193329940148,10,8192
418,418,0.1536859000000277,3912.8093488948325,10,8192
419,419,0.15385029999993094,3912.8093488948325,10,8192
420,420,0.15397619999998824,3912.8093488948325,10,8192
421,421,0.1541021999998975,3912.8093488948325,10,8192
422,422,0.15422699999999168,3912.8093488948325,10,8192
423,423,0.15441259999988688,3912.8093488948325,10,8192
424,424,0.15454030000000785,3912.8093488948325,10,8192
425,425,0.15466799999990144,3912.8093488948325,10,8192
426,426,0.15479400000003807,3912.8093488948325,10,8192
427,427,0.154919899999868,3912.8093488948325,10,8192
428,428,0.1550457999999253,3912.8093488948325,10,8192
429,429,0.1551716999999826,3914.846402527478,10,8192
430,430,0.15534249999996064,3914.846402527478,10,8192
431,431,0.15546960000006038,3914.846402527478,10,8192
432,432,0.1555962999998428,3914.846402527478,10,8192
433,433,0.15572240000005877,3914.846402527478,10,8192
434,434,0.15585059999989426,3914.846402527478,10,8192
435,435,0.15597679999996217,3914.846402527478,10,8192
436,436,0.15610259999994014,3914.846402527478,10,8192
437,437,0.1562283999999181,3914.846402527478,10,8192
438,438,0.1564275999999154,3914.846402527478,10,8192
439,439,0.15655369999990398,3914.846402527478,10,8192
440,440,0.15667899999994006,3914.846402527478,10,8192
441,441,0.1568038999998862,3914.846402527478,10,8192
442,442,0.15692969999986417,3914.846402527478,10,8192
443,443,0.1570557000000008,3914.846402527478,10,8192
444,444,0.15718179999998938,3914.846402527478,10,8192
445,445,0.1573120000000472,3914.846402527478,10,8192
446,446,0.15743859999997767,3914.846402527478,10,8192
447,447,0.15756489999989753,3914.846402527478,10,8192
448,448,0.15769099999988612,3914.846402527478,10,8192
449,449,0.1578173999998853,3914.846402527478,10,8192
450,450,0.15794370000003255,3914.846402527478,10,8192
451,451,0.15806799999995746,3914.846402527478,10,8192
452,452,0.15819310000006226,3914.846402527478,10,8192
453,453,0.15832339999997203,3914.846402527478,10,8192
454,454,0.15844909999987067,3914.846402527478,10,8192
455,455,0.15857449999998607,3914.846402527478,10,8192
456,456,0.15870139999992716,3914.846402527478,10,8192
457,457,0.15882739999983642,3914.846402527478,10,8192
458,458,0.15895350000005237,3914.846402527478,10,8192
459,459,0.15907999999990352,3914.846402527478,10,8192
460,460,0.159204999999929,3914.846402527478,10,8192
461,461,0.1594082999999955,3914.846402527478,10,8192
462,462,0.15970999999990454,3914.846402527478,10,8192
463,463,0.15999369999985902,3914.846402527478,10,8192
464,464,0.16023489999997764,3914.846402527478,10,8192
465,465,0.16048490000002857,3914.846402527478,10,8192
466,466,0.16062769999984994,3914.846402527478,10,8192
467,467,0.16075609999984408,3914.846402527478,10,8192
468,468,0.16088449999983823,3914.846402527478,10,8192
469,469,0.1610129999999117,3914.846402527478,10,8192
470,470,0.16114059999995334,3914.846402527478,10,8192
471,471,0.16126770000005308,3914.846402527478,10,8192
472,472,0.16143329999999878,3914.846402527478,10,8192
473,473,0.16156069999988176,3918.754370928349,10,8192
474,474,0.16172819999997046,3918.754370928349,10,8192
475,475,0.16185719999998582,3918.754370928349,10,8192
476,476,0.1619862000000012,3918.754370928349,10,8192
477,477,0.1621149999998579,3918.754370928349,10,8192
478,478,0.16224450000004254,3918.754370928349,10,8192
479,479,0.16237809999984165,3918.754370928349,10,8192
480,480,0.16250539999987268,3918.754370928349,10,8192
481,481,0.16263419999995676,3918.754370928349,10,8192
482,482,0.16276410000000396,3918.754370928349,10,8192
483,483,0.16289310000001933,3918.754370928349,10,8192
484,484,0.16302079999991292,3918.754370928349,10,8192
485,485,0.1631492999999864,3918.754370928349,10,8192
486,486,0.16330059999995683,3918.754370928349,10,8192
487,487,0.1635334000000057,3918.754370928349,10,8192
488,488,0.16368020000004435,3918.754370928349,10,8192
489,489,0.1638090999999804,3918.754370928349,10,8192
490,490,0.16393840000000637,3918.754370928349,10,8192
491,491,0.1640866999998707,3918.754370928349,10,8192
492,492,0.16431539999985034,3918.754370928349,10,8192
493,493,0.1645747999998548,3918.754370928349,10,8192
494,494,0.16478759999995418,3918.754370928349,10,8192
495,495,0.16498699999988276,3918.754370928349,10,8192
496,496,0.16511850000006234,3918.754370928349,10,8192
497,497,0.16531220000001667,3918.754370928349,10,8192
498,498,0.16546760000005634,3918.754370928349,10,8192
499,499,0.16559830000005604,3918.754370928349,10,8192
500,500,0.1657278000000133,3918.754370928349,10,8192
501,501,0.16585620000000745,3918.754370928349,10,8192
502,502,0.1659866999998485,3918.754370928349,10,8192
503,503,0.16611729999999625,3918.754370928349,10,8192
504,504,0.16624769999998534,3921.3912241323933,10,8192
505,505,0.1664252000000488,3921.3912241323933,10,8192
506,506,0.1665584999998373,3921.3912241323933,10,8192
507,507,0.16669019999994816,3921.399305960598,10,8192
508,508,0.16686079999999492,3921.399305960598,10,8192
509,509,0.16699289999996836,3921.399305960598,10,8192
510,510,0.1671237000000474,3921.399305960598,10,8192
511,511,0.16725670000005266,3921.399305960598,10,8192
512,512,0.1674467000000277,3921.399305960598,10,8192
513,513,0.1816599999999653,3921.399305960598,10,8192
514,514,0.18181559999993624,3921.399305960598,10,8192
515,515,0.18195889999992687,3921.399305960598,10,8192
516,516,0.18209929999989072,3921.399305960598,10,8192
517,517,0.18223590000002332,3921.399305960598,10,8192
518,518,0.18238059999998768,3921.399305960598,10,8192
519,519,0.18251620000000912,3921.399305960598,10,8192
520,520,0.18265089999999873,3921.399305960598,10,8192
521,521,0.18278399999985595,3921.399305960598,10,8192
522,522,0.1829158999998981,3921.399305960598,10,8192
523,523,0.18304749999992964,3921.399305960598,10,8192
524,524,0.18318269999986114,3921.399305960598,10,8192
525,525,0.18338879999987512,3921.399305960598,10,8192
526,526,0.18352230000004965,3921.399305960598,10,8192
527,527,0.18365700000003926,3921.399305960598,10,8192
528,528,0.18379009999989648,3921.399305960598,10,8192
529,529,0.18392259999995986,3921.399305960598,10,8192
530,530,0.18405459999985396,3921.399305960598,10,8192
531,531,0.184186999999838,3921.399305960598,10,8192
532,532,0.18437979999998788,3921.399305960598,10,8192
533,533,0.1845150999999987,3921.399305960598,10,8192
534,534,0.18464849999986654,3921.399305960598,10,8192
535,535,0.18478239999990365,3921.399305960598,10,8192
536,536,0.18491549999998824,3921.399305960598,10,8192
537,537,0.18504699999994045,3921.399305960598,10,8192
538,538,0.1851793999999245,3921.399305960598,10,8192
539,539,0.18534909999993943,3921.399305960598,10,8192
540,540,0.1854816000000028,3921.399305960598,10,8192
541,541,0.18561399999998685,3921.399305960598,10,8192
542,542,0.18574560000001838,3923.286844949518,10,8192
543,543,0.18591730000002826,3923.286844949518,10,8192
544,544,0.1860506999998961,3923.286844949518,10,8192
545,545,0.18618599999990693,3923.286844949518,10,8192
546,546,0.18635979999999108,3923.286844949518,10,8192
547,547,0.18649489999984326,3923.286844949518,10,8192
548,548,0.18662909999989097,3923.286844949518,10,8192
549,549,0.18676179999988562,3923.286844949518,10,8192
550,550,0.18689389999985906,3923.286844949518,10,8192
551,551,0.18702589999998054,3923.286844949518,10,8192
552,552,0.18715829999996458,3923.286844949518,10,8192
553,553,0.18733290000000125,3923.286844949518,10,8192
554,554,0.18755220000002737,3923.286844949518,10,8192
555,555,0.18777189999991606,3923.286844949518,10,8192
556,556,0.18790390000003754,3923.286844949518,10,8192
557,557,0.18803729999990537,3923.286844949518,10,8192
558,558,0.18817009999997936,3923.286844949518,10,8192
559,559,0.1883404000000155,3923.286844949518,10,8192
560,560,0.18865119999986746,3923.286844949518,10,8192
561,561,0.18890310000006139,3923.286844949518,10,8192
562,562,0.18903529999988677,3923.286844949518,10,8192
563,563,0.18916730000000825,3923.286844949518,10,8192
564,564,0.18930230000000847,3923.286844949518,10,8192
565,565,0.18943509999985508,3923.6081447260767,10,8192
566,566,0.18960809999998673,3923.6081447260767,10,8192
567,567,0.18974379999986013,3923.6081447260767,10,8192
568,568,0.18987889999993968,3923.6081447260767,10,8192
569,569,0.19001269999989745,3923.6081447260767,10,8192
570,570,0.19014599999991333,3923.6081447260767,10,8192
571,571,0.19028260000004593,3923.6081447260767,10,8192
572,572,0.1905059999999139,3923.6081447260767,10,8192
573,573,0.19080809999991288,3923.6081447260767,10,8192
574,574,0.19109899999989466,3923.6081447260767,10,8192
575,575,0.19134269999995013,3923.6081447260767,10,8192
576,576,0.19147709999992912,3923.6081447260767,10,8192
577,577,0.19161140000005616,3923.6081447260767,10,8192
578,578,0.1917438000000402,3923.6081447260767,10,8192
579,579,0.19187659999988682,3923.6081447260767,10,8192
580,580,0.19200999999998203,3923.6081447260767,10,8192
581,581,0.192142800000056,3923.6081447260767,10,8192
582,582,0.19227920000002996,3923.6081447260767,10,8192
583,583,0.19245030000001861,3923.6081447260767,10,8192
584,584,0.19258339999987584,3923.6081447260767,10,8192
585,585,0.1927163999998811,3923.6081447260767,10,8192
586,586,0.1928497999999763,3923.6081447260767,10,8192
587,587,0.19298349999985476,3923.6081447260767,10,8192
588,588,0.19311719999996058,3923.6081447260767,10,8192
589,589,0.19325019999996584,3923.6081447260767,10,8192
590,590,0.19338870000001407,3923.6081447260767,10,8192
591,591,0.1935220999998819,3923.6081447260767,10,8192
592,592,0.19365560000005644,3923.6081447260767,10,8192
593,593,0.19378899999992427,3923.6081447260767,10,8192
594,594,0.19392119999997703,3923.6081447260767,10,8192
595,595,0.19405600000004597,3923.6081447260767,10,8192
596,596,0.19418969999992441,3923.6081447260767,10,8192
597,597,0.19436500000006163,3923.6081447260767,10,8192
598,598,0.1945003999999244,3923.6081447260767,10,8192
599,599,0.19463659999996707,3923.6081447260767,10,8192
600,600,0.19476970000005167,3923.6081447260767,10,8192
601,601,0.1949035999998614,3923.6081447260767,10,8192
602,602,0.1950371999998879,3923.6081447260767,10,8192
603,603,0.1951701000000412,3923.6081447260767,10,8192
604,604,0.1954015999999683,3923.6081447260767,10,8192
605,605,0.19554730000004383,3923.6081447260767,10,8192
606,606,0.19568379999986973,3923.6081447260767,10,8192
607,607,0.19581889999994928,3923.6081447260767,10,8192
608,608,0.195954699999902,3923.6081447260767,10,8192
609,609,0.1960887999998704,3923.6081447260767,10,8192
610,610,0.19622389999994994,3923.6081447260767,10,8192
611,611,0.1964904999999817,3923.6081447260767,10,8192
612,612,0.1966920999998365,3923.6081447260767,10,8192
613,613,0.19689919999996164,3923.6081447260767,10,8192
614,614,0.19703499999991436,3923.6081447260767,10,8192
615,615,0.19716949999997269,3923.6081447260767,10,8192
616,616,0.19732810000004974,3923.6081447260767,10,8192
617,617,0.19753689999993185,3923.6081447260767,10,8192
618,618,0.19773579999991853,3923.6081447260767,10,8192
619,619,0.19790229999989606,3923.6081447260767,10,8192
620,620,0.19813139999996565,3923.6081447260767,10,8192
621,621,0.1983212000000094,3923.6081447260767,10,8192
622,622,0.19845919999988837,3923.6081447260767,10,8192
623,623,0.1986315999999988,3923.6081447260767,10,8192
624,624,0.19876769999996213,3923.6081447260767,10,8192
625,625,0.19890379999992547,3923.6081447260767,10,8192
626,626,0.19903929999986758,3923.6081447260767,10,8192
627,627,0.19917450000002646,3923.6081447260767,10,8192
628,628,0.19938669999987724,3923.6081447260767,10,8192
629,629,0.19952909999983603,3923.6081447260767,10,8192
630,630,0.1996682999999848,3923.6081447260767,10,8192
631,631,0.19980609999993248,3923.6081447260767,10,8192
632,632,0.1999445999999807,3923.6081447260767,10,8192
633,633,0.20008209999991777,3923.6081447260767,10,8192
634,634,0.20021909999991294,3923.6081447260767,10,8192
635,635,0.20039509999992333,3923.6081447260767,10,8192
636,636,0.20053370000005089,3923.6081447260767,10,8192
637,637,0.20067139999991923,3923.6081447260767,10,8192
638,638,0.20080859999984568,3923.6081447260767,10,8192
639,639,0.200946599999952,3923.6081447260767,10,8192
640,640,0.20108400000003712,3923.6081447260767,10,8192
641,641,0.20122189999983675,3923.6081447260767,10,8192
642,642,0.2014368000000104,3923.6081447260767,10,8192
643,643,0.2015747000000374,3923.6081447260767,10,8192
644,644,0.2017131000000063,3923.6081447260767,10,8192
645,645,0.2018504000000121,3923.6081447260767,10,8192
646,646,0.20198919999984355,3923.6081447260767,10,8192
647,647,0.2021273000000292,3923.6081447260767,10,8192
648,648,0.20226909999996678,3923.6081447260767,10,8192
649,649,0.20240899999998874,3923.6081447260767,10,8192
650,650,0.20254799999997886,3923.6081447260767,10,8192
651,651,0.2026856999998472,3923.6081447260767,10,8192
652,652,0.2028232999998636,3923.6081447260767,10,8192
653,653,0.20296259999986432,3923.6081447260767,10,8192
654,654,0.20310169999993377,3923.6081447260767,10,8192
655,655,0.20323979999989206,3923.6081447260767,10,8192
656,656,0.20341549999989184,3923.6081447260767,10,8192
657,657,0.20355309999990823,3923.6081447260767,10,8192
658,658,0.20369209999989835,3923.6081447260767,10,8192
659,659,0.2038310000000365,3923.6081447260767,10,8192
660,660,0.20396919999984675,3923.6081447260767,10,8192
661,661,0.20410689999994247,3928.8056783006714,10,8192
662,662,0.20435619999989285,3928.8056783006714,10,8192
663,663,0.20493080000005648,3928.8056783006714,10,8192
664,664,0.20554949999996097,3928.8056783006714,10,8192
665,665,0.2058618999999453,3928.8056783006714,10,8192
666,666,0.20615060000000085,3928.8056783006714,10,8192
667,667,0.2064720999999281,3928.8056783006714,10,8192
668,668,0.20677490000002763,3928.8056783006714,10,8192
669,669,0.20705799999996088,3928.8056783006714,10,8192
670,670,0.20734049999987292,3928.8056783006714,10,8192
671,671,0.20762489999992795,3928.8056783006714,10,8192
672,672,0.2079062000000249,3928.8056783006714,10,8192
673,673,0.20819029999984195,3928.8056783006714,10,8192
674,674,0.20852999999988242,3928.8056783006714,10,8192
675,675,0.20883340000000317,3928.8056783006714,10,8192
676,676,0.20913279999990664,3928.8056783006714,10,8192
677,677,0.2094256000000314,3928.8056783006714,10,8192
678,678,0.20970459999989544,3928.8056783006714,10,8192
679,679,0.2099782000000232,3928.8056783006714,10,8192
680,680,0.21028290000003835,3928.8056783006714,10,8192
681,681,0.21063949999984288,3928.8056783006714,10,8192
682,682,0.210914799999955,3928.8056783006714,10,8192
683,683,0.21116559999995843,3928.8056783006714,10,8192
684,684,0.2113778000000366,3928.8056783006714,10,8192
685,685,0.21152630000005956,3928.8056783006714,10,8192
686,686,0.21167300000001887,3928.8056783006714,10,8192
687,687,0.21181819999992513,3928.8056783006714,10,8192
688,688,0.21196299999996882,3928.8056783006714,10,8192
689,689,0.21210709999991195,3928.8056783006714,10,8192
690,690,0.21224959999995008,3928.8056783006714,10,8192
691,691,0.21246929999983877,3928.8056783006714,10,8192
692,692,0.21261119999985567,3928.8056783006714,10,8192
693,693,0.21275279999986196,3928.8056783006714,10,8192
694,694,0.21289439999986826,3928.8056783006714,10,8192
695,695,0.21303709999983766,3928.8056783006714,10,8192
696,696,0.21317769999996017,3928.8056783006714,10,8192
697,697,0.21332379999989826,3928.8056783006714,10,8192
698,698,0.21346619999985705,3928.8056783006714,10,8192
699,699,0.21360690000005889,3928.8056783006714,10,8192
700,700,0.21374820000005457,3928.8056783006714,10,8192
701,701,0.21388899999988098,3928.8056783006714,10,8192
702,702,0.21403159999999843,3928.8056783006714,10,8192
703,703,0.2142331000000013,3928.8056783006714,10,8192
704,704,0.21454419999986385,3928.8056783006714,10,8192
705,705,0.2147600999999213,3928.8056783006714,10,8192
706,706,0.2149294999999256,3928.8056783006714,10,8192
707,707,0.21513200000003962,3928.8056783006714,10,8192
708,708,0.215374299999894,3928.8056783006714,10,8192
709,709,0.21551950000002762,3928.8056783006714,10,8192
710,710,0.2156628999998702,3928.8056783006714,10,8192
711,711,0.21580569999991894,3928.8056783006714,10,8192
712,712,0.21594800000002579,3928.8056783006714,10,8192
713,713,0.21609130000001642,3928.8056783006714,10,8192
714,714,0.21623320000003332,3928.8056783006714,10,8192
715,715,0.21641269999986434,3928.8056783006714,10,8192
716,716,0.21655540000006113,3929.0679666708156,10,8192
717,717,0.2167359000000033,3929.0679666708156,10,8192
718,718,0.21687999999994645,3929.0679666708156,10,8192
719,719,0.21702460000005885,3929.0679666708156,10,8192
720,720,0.21716849999984333,3929.0679666708156,10,8192
721,721,0.21734859999992295,3929.0679666708156,10,8192
722,722,0.21749290000002475,3929.0679666708156,10,8192
723,723,0.21763480000004165,3930.3089838140977,10,8192
724,724,0.2178179,3930.3089838140977,10,8192
725,725,0.21796180000001186,3930.3089838140977,10,8192
726,726,0.21810549999986506,3930.3089838140977,10,8192
727,727,0.21824820000006184,3930.3089838140977,10,8192
728,728,0.2184522999998535,3930.3089838140977,10,8192
729,729,0.21859589999985474,3930.3089838140977,10,8192
730,730,0.2187417000000096,3930.3089838140977,10,8192
731,731,0.21888659999990523,3930.3089838140977,10,8192
732,732,0.21902959999988525,3930.3089838140977,10,8192
733,733,0.2191722000000027,3930.3089838140977,10,8192
734,734,0.21935110000003988,3930.3089838140977,10,8192
735,735,0.2194958999998562,3930.3089838140977,10,8192
736,736,0.21963869999990493,3930.3089838140977,10,8192
737,737,0.21978279999984807,3930.3089838140977,10,8192
738,738,0.21992649999992864,3930.3089838140977,10,8192
739,739,0.22007099999996171,3930.3089838140977,10,8192
740,740,0.22021479999989424,3930.3089838140977,10,8192
741,741,0.2204581999999391,3930.3089838140977,10,8192
742,742,0.22067309999988538,3930.3089838140977,10,8192
743,743,0.22081890000004023,3930.3089838140977,10,8192
744,744,0.22096379999993587,3930.3089838140977,10,8192
745,745,0.22112969999989218,3930.3089838140977,10,8192
746,746,0.22129759999984344,3930.3089838140977,10,8192
747,747,0.22144329999991896,3930.3089838140977,10,8192
748,748,0.22158869999998387,3930.3089838140977,10,8192
749,749,0.22173320000001695,3930.3089838140977,10,8192
750,750,0.2218775999999707,3930.3089838140977,10,8192
751,751,0.22202070000003005,3930.3089838140977,10,8192
752,752,0.22216570000000502,3930.3089838140977,10,8192
753,753,0.22238979999997355,3930.3089838140977,10,8192
754,754,0.22268370000006144,3930.3089838140977,10,8192
755,755,0.22300059999997757,3930.3089838140977,10,8192
756,756,0.2232982999998967,3930.3089838140977,10,8192
757,757,0.22358020000001488,3930.3089838140977,10,8192
758,758,0.2238508999998885,3930.3089838140977,10,8192
759,759,0.2241493999999875,3930.3089838140977,10,8192
760,760,0.22439809999991667,3930.3089838140977,10,8192
761,761,0.22461329999987356,3930.3089838140977,10,8192
762,762,0.22490769999990334,3930.3089838140977,10,8192
763,763,0.2250626000000011,3930.3089838140977,10,8192
764,764,0.22521929999993517,3930.3089838140977,10,8192
765,765,0.22544479999987743,3930.3089838140977,10,8192
766,766,0.22559030000002167,3930.3089838140977,10,8192
767,767,0.2257351999999173,3930.3089838140977,10,8192
768,768,0.22587989999988167,3931.695732115634,10,8192
769,769,0.22606389999987186,3931.695732115634,10,8192
770,770,0.22620979999987867,3931.695732115634,10,8192
771,771,0.22639439999989008,3931.695732115634,10,8192
772,772,0.22654390000002422,3931.695732115634,10,8192
773,773,0.2266892000000098,3931.695732115634,10,8192
774,774,0.22683489999985795,3931.695732115634,10,8192
775,775,0.22697930000003907,3931.695732115634,10,8192
776,776,0.2271246999998766,3931.695732115634,10,8192
777,777,0.22732969999992747,3931.695732115634,10,8192
778,778,0.22748989999990954,3931.695732115634,10,8192
779,779,0.22763340000005883,3931.695732115634,10,8192
780,780,0.22777739999992264,3931.695732115634,10,8192
781,781,0.22792049999998198,3931.695732115634,10,8192
782,782,0.2280642999999145,3931.695732115634,10,8192
783,783,0.2282063999998627,3931.695732115634,10,8192
784,784,0.22835529999997561,3931.695732115634,10,8192
785,785,0.22849959999985003,3931.695732115634,10,8192
786,786,0.22864359999994122,3931.695732115634,10,8192
787,787,0.22878849999983686,3931.695732115634,10,8192
788,788,0.22893309999994926,3931.695732115634,10,8192
789,789,0.2290779999998449,3931.695732115634,10,8192
790,790,0.22922270000003664,3931.695732115634,10,8192
791,791,0.22939180000003034,3931.695732115634,10,8192
792,792,0.22954089999984717,3931.695732115634,10,8192
793,793,0.22968949999994948,3931.695732115634,10,8192
794,794,0.22983559999988756,3931.695732115634,10,8192
795,795,0.22998199999983626,3931.695732115634,10,8192
796,796,0.23012760000005983,3931.695732115634,10,8192
797,797,0.23027720000004592,3931.695732115634,10,8192
798,798,0.23056320000000596,3931.695732115634,10,8192
799,799,0.23076769999988755,3931.695732115634,10,8192
800,800,0.2309640999999374,3931.695732115634,10,8192
801,801,0.23116719999984525,3931.695732115634,10,8192
802,802,0.23139339999988806,3931.695732115634,10,8192
803,803,0.23163209999984247,3931.695732115634,10,8192
804,804,0.2317785999998705,3931.695732115634,10,8192
805,805,0.23192519999997785,3931.695732115634,10,8192
806,806,0.2321082999999362,3931.695732115634,10,8192
807,807,0.2322538999999324,3931.695732115634,10,8192
808,808,0.23240740000005644,3934.9486042743624,10,8192
809,809,0.23261460000003353,3934.9486042743624,10,8192
810,810,0.23276769999984026,3934.9486042743624,10,8192
811,811,0.23291730000005373,3934.9486042743624,10,8192
812,812,0.2330666000000292,3934.9486042743624,10,8192
813,813,0.23321499999997286,3934.9486042743624,10,8192
814,814,0.23343879999993078,3934.9486042743624,10,8192
815,815,0.23358680000001186,3934.9486042743624,10,8192
816,816,0.23373590000005606,3934.9486042743624,10,8192
817,817,0.23388419999992038,3934.9486042743624,10,8192
818,818,0.2340331000000333,3934.9486042743624,10,8192
819,819,0.2341804999998658,3934.9486042743624,10,8192
820,820,0.2343882999998641,3934.9486042743624,10,8192
821,821,0.23455029999990984,3934.9486042743624,10,8192
822,822,0.23469860000000153,3934.9486042743624,10,8192
823,823,0.23484770000004573,3934.9486042743624,10,8192
824,824,0.2349959000000581,3934.9486042743624,10,8192
825,825,0.23514430000000175,3934.9486042743624,10,8192
826,826,0.2353302999999869,3934.9486042743624,10,8192
827,827,0.23550000000000182,3934.9486042743624,10,8192
828,828,0.2356641999999738,3934.9486042743624,10,8192
829,829,0.2358136000000286,3934.9486042743624,10,8192
830,830,0.23596339999994598,3934.9486042743624,10,8192
831,831,0.23611219999997957,3934.9486042743624,10,8192
832,832,0.23626259999991817,3934.9486042743624,10,8192
833,833,0.23641799999995783,3934.9486042743624,10,8192
834,834,0.23656839999989643,3934.9486042743624,10,8192
835,835,0.2367193000000043,3934.9486042743624,10,8192
836,836,0.23687159999985852,3934.9486042743624,10,8192
837,837,0.23702249999996639,3934.9486042743624,10,8192
838,838,0.2371723999999631,3934.9486042743624,10,8192
839,839,0.2373599000000013,3934.9486042743624,10,8192
840,840,0.23750949999998738,3934.9486042743624,10,8192
841,841,0.23765839999987293,3934.9486042743624,10,8192
842,842,0.2378073999998378,3934.9486042743624,10,8192
843,843,0.23795640000003004,3934.9486042743624,10,8192
844,844,0.2381063999998787,3934.9486042743624,10,8192
845,845,0.23825539999984358,3934.9486042743624,10,8192
846,846,0.23854719999985718,3934.9486042743624,10,8192
847,847,0.23871250000001965,3934.9486042743624,10,8192
848,848,0.23886330000004818,3934.9486042743624,10,8192
849,849,0.23901329999989684,3934.9486042743624,10,8192
850,850,0.23916329999997288,3934.9486042743624,10,8192
851,851,0.23935229999983676,3934.9486042743624,10,8192
852,852,0.23950349999995524,3934.9486042743624,10,8192
853,853,0.2396541000000525,3934.9486042743624,10,8192
854,854,0.23980439999991177,3934.9486042743624,10,8192
855,855,0.23995429999990847,3934.9486042743624,10,8192
856,856,0.24010410000005322,3934.9486042743624,10,8192
857,857,0.24025319999987005,3934.9486042743624,10,8192
858,858,0.24051409999992757,3934.9486042743624,10,8192
859,859,0.24066419999985555,3934.9486042743624,10,8192
860,860,0.24081430000001092,3934.9486042743624,10,8192
861,861,0.24096589999999196,3934.9486042743624,10,8192
862,862,0.24111589999984062,3934.9486042743624,10,8192
863,863,0.24132480000002943,3934.9486042743624,10,8192
864,864,0.24149149999993824,3934.9486042743624,10,8192
865,865,0.241642899999988,3934.9486042743624,10,8192
866,866,0.24179319999984727,3934.9486042743624,10,8192
867,867,0.2419433999998546,3934.9486042743624,10,8192
868,868,0.24209529999984625,3934.9486042743624,10,8192
869,869,0.2422454000000016,3934.9486042743624,10,8192
870,870,0.24243430000001354,3934.9486042743624,10,8192
871,871,0.24258499999996275,3934.9486042743624,10,8192
872,872,0.24273549999998068,3934.9486042743624,10,8192
873,873,0.2428859999999986,3934.9486042743624,10,8192
874,874,0.24303629999985787,3934.9486042743624,10,8192
875,875,0.24318979999998191,3934.9486042743624,10,8192
876,876,0.24341789999994035,3934.9486042743624,10,8192
877,877,0.24370399999997971,3934.9486042743624,10,8192
878,878,0.24403299999994488,3934.9486042743624,10,8192
879,879,0.24431669999989936,3934.9486042743624,10,8192
880,880,0.24454530000002705,3934.9486042743624,10,8192
881,881,0.2447736999999961,3934.9486042743624,10,8192
882,882,0.24496090000002368,3934.9486042743624,10,8192
883,883,0.24515010000004622,3934.9486042743624,10,8192
884,884,0.2453418000000056,3934.9486042743624,10,8192
885,885,0.24553019999984826,3934.9486042743624,10,8192
886,886,0.24571769999988646,3934.9486042743624,10,8192
887,887,0.24590469999998277,3934.9486042743624,10,8192
888,888,0.24609250000003158,3934.9486042743624,10,8192
889,889,0.24635509999984606,3934.9486042743624,10,8192
890,890,0.24650900000006004,3934.9486042743624,10,8192
891,891,0.24666159999992487,3934.9486042743624,10,8192
892,892,0.24681409999993775,3934.9486042743624,10,8192
893,893,0.24696829999993497,3934.9486042743624,10,8192
894,894,0.2471203999998579,3934.9486042743624,10,8192
895,895,0.2472955999999158,3934.9486042743624,10,8192
896,896,0.24759369999992487,3934.9486042743624,10,8192
897,897,0.24775209999984327,3934.9486042743624,10,8192
898,898,0.24793750000003456,3934.9486042743624,10,8192
899,899,0.2481267000000571,3934.9486042743624,10,8192
900,900,0.24832249999985834,3934.9486042743624,10,8192
901,901,0.248477899999898,3934.9486042743624,10,8192
902,902,0.2486297000000377,3934.9486042743624,10,8192
903,903,0.24878279999984443,3934.9486042743624,10,8192
904,904,0.24893739999993159,3934.9486042743624,10,8192
905,905,0.24909219999995003,3934.9486042743624,10,8192
906,906,0.24924559999999474,3934.9486042743624,10,8192
907,907,0.24946929999987333,3934.9486042743624,10,8192
908,908,0.24962140000002364,3934.9486042743624,10,8192
909,909,0.24977349999994658,3934.9486042743624,10,8192
910,910,0.24992629999997007,3934.9486042743624,10,8192
911,911,0.25007940000000417,3934.9486042743624,10,8192
912,912,0.25023220000002766,3934.9486042743624,10,8192
913,913,0.2504265000000032,3934.9486042743624,10,8192
914,914,0.2505799999998999,3934.9486042743624,10,8192
915,915,0.2507333999999446,3934.9486042743624,10,8192
916,916,0.25088579999987815,3934.9486042743624,10,8192
917,917,0.2510385000000497,3934.9486042743624,10,8192
918,918,0.2511910999999145,3934.9486042743624,10,8192
919,919,0.25141659999985677,3934.9486042743624,10,8192
920,920,0.2515710999998646,3934.9486042743624,10,8192
921,921,0.25172509999993053,3934.9486042743624,10,8192
922,922,0.2518999999999778,3934.9486042743624,10,8192
923,923,0.25206009999988055,3934.9486042743624,10,8192
924,924,0.2522297999998955,3934.9486042743624,10,8192
925,925,0.25242690000004586,3934.9486042743624,10,8192
926,926,0.25257959999999,3934.9486042743624,10,8192
927,927,0.25273349999997663,3934.9486042743624,10,8192
928,928,0.25288829999999507,3934.9486042743624,10,8192
929,929,0.25304239999991296,3934.9486042743624,10,8192
930,930,0.2531970000000001,3934.9486042743624,10,8192
931,931,0.25351049999994757,3934.9486042743624,10,8192
932,932,0.25384619999999813,3934.9486042743624,10,8192
933,933,0.25419209999995473,3934.9486042743624,10,8192
934,934,0.254497899999933,3934.9486042743624,10,8192
935,935,0.2547683000000234,3934.9486042743624,10,8192
936,936,0.25496049999992465,3934.9486042743624,10,8192
937,937,0.2551158999999643,3934.9486042743624,10,8192
938,938,0.25532829999997375,3934.9486042743624,10,8192
939,939,0.2555535999999847,3934.9486042743624,10,8192
940,940,0.2557833999999275,3934.9486042743624,10,8192
941,941,0.2560370999999577,3934.9486042743624,10,8192
942,942,0.2562324999998964,3934.9486042743624,10,8192
943,943,0.2564280999999937,3934.9486042743624,10,8192
944,944,0.25658580000003894,3934.9486042743624,10,8192
945,945,0.25674469999989924,3934.9486042743624,10,8192
946,946,0.25690259999987575,3934.9486042743624,10,8192
947,947,0.2570608999999422,3934.9486042743624,10,8192
948,948,0.2572193999999399,3934.9486042743624,10,8192
949,949,0.2574514000000363,3934.9486042743624,10,8192
950,950,0.2576062999999067,3934.9486042743624,10,8192
951,951,0.2577618000000257,3934.9486042743624,10,8192
952,952,0.2579197000000022,3934.9486042743624,10,8192
953,953,0.25807559999998375,3934.9486042743624,10,8192
954,954,0.25823239999999714,3934.9486042743624,10,8192
955,955,0.25839640000003783,3934.9486042743624,10,8192
956,956,0.25855509999996684,3934.9486042743624,10,8192
957,957,0.2587131000000227,3934.9486042743624,10,8192
958,958,0.25887089999991986,3934.9486042743624,10,8192
959,959,0.259029099999907,3934.9486042743624,10,8192
960,960,0.25918609999985165,3934.9486042743624,10,8192
961,961,0.25936669999987316,3934.9486042743624,10,8192
962,962,0.2595280999998977,3934.9486042743624,10,8192
963,963,0.2596873999998479,3934.9486042743624,10,8192
964,964,0.25984619999985625,3934.9486042743624,10,8192
965,965,0.2600036999999702,3934.9486042743624,10,8192
966,966,0.2601614000000154,3934.9486042743624,10,8192
967,967,0.26039749999995365,3934.9486042743624,10,8192
968,968,0.26055879999989884,3934.9486042743624,10,8192
969,969,0.2607173999999759,3934.9486042743624,10,8192
970,970,0.26087570000004234,3934.9486042743624,10,8192
971,971,0.2610336999998708,3934.9486042743624,10,8192
972,972,0.26119149999999536,3934.9486042743624,10,8192
973,973,0.2613873999998759,3934.9486042743624,10,8192
974,974,0.2615455000000111,3934.9486042743624,10,8192
975,975,0.2617023000000245,3934.9486042743624,10,8192
976,976,0.2618606999999429,3934.9486042743624,10,8192
977,977,0.2620194999999512,3934.9486042743624,10,8192
978,978,0.2621772999998484,3934.9486042743624,10,8192
979,979,0.26240499999994427,3934.9486042743624,10,8192
980,980,0.2625637999999526,3934.9486042743624,10,8192
981,981,0.26272049999988667,3934.9486042743624,10,8192
982,982,0.2628770999999688,3934.9486042743624,10,8192
983,983,0.26303439999992406,3934.9486042743624,10,8192
984,984,0.2631910999998581,3934.9486042743624,10,8192
985,985,0.2634388999999828,3934.9486042743624,10,8192
986,986,0.26368189999993774,3934.9486042743624,10,8192
987,987,0.2639447999999902,3934.9486042743624,10,8192
988,988,0.26410409999994044,3934.9486042743624,10,8192
989,989,0.26426679999985936,3934.9486042743624,10,8192
990,990,0.2644855999999436,3934.9486042743624,10,8192
991,991,0.2647193000000243,3934.9486042743624,10,8192
992,992,0.2649277999998958,3934.9486042743624,10,8192
993,993,0.2650873000000047,3934.9486042743624,10,8192
994,994,0.26529389999996056,3934.9486042743624,10,8192
995,995,0.2655402000000322,3934.9486042743624,10,8192
996,996,0.2657944000000043,3934.9486042743624,10,8192
997,997,0.2660550000000512,3934.9486042743624,10,8192
998,998,0.2663422000000537,3934.9486042743624,10,8192
999,999,0.2666183999999703,3934.9486042743624,10,8192
1000,1000,0.2668767999998636,3934.9486042743624,10,8192
1001,1001,0.2670376999999462,3934.9486042743624,10,8192
1002,1002,0.2673084000000472,3934.9486042743624,10,8192
1003,1003,0.2676260999999158,3934.9486042743624,10,8192
1004,1004,0.2679554999999709,3934.9486042743624,10,8192
1005,1005,0.2681370000000243,3934.9486042743624,10,8192
1006,1006,0.26840530000004037,3934.9486042743624,10,8192
1007,1007,0.26865939999993316,3934.9486042743624,10,8192
1008,1008,0.26884449999988647,3934.9486042743624,10,8192
