,Iteration,Time,Fitness,Restarts,max_iters,current_restart
0,0,0.0001303999999890948,15.0,25,2048,0
1,1,0.0014565000000175132,15.0,25,2048,0
2,2,0.014556700000071032,13.0,25,2048,0
3,3,0.025485800000069503,13.0,25,2048,0
4,4,0.02557569999999032,12.0,25,2048,0
5,5,0.04176130000007561,9.0,25,2048,0
6,6,0.04195520000007491,9.0,25,2048,0
7,7,0.042091099999993276,9.0,25,2048,0
8,8,0.04221770000003744,9.0,25,2048,0
9,9,0.05454220000001442,9.0,25,2048,0
10,10,0.054634400000054484,9.0,25,2048,0
11,11,0.05471399999998994,9.0,25,2048,0
12,12,0.054789300000038565,8.0,25,2048,0
13,13,0.05489460000001145,7.0,25,2048,0
14,14,0.05499840000004497,7.0,25,2048,0
15,15,0.05507250000005115,7.0,25,2048,0
16,16,0.05514579999999114,7.0,25,2048,0
17,17,0.06937879999998131,7.0,25,2048,0
18,18,0.06956290000005083,6.0,25,2048,0
19,19,0.06976029999998445,3.0,25,2048,0
20,20,0.0699738000000707,3.0,25,2048,0
21,21,0.07010600000000977,3.0,25,2048,0
22,22,0.07026200000007066,3.0,25,2048,0
23,23,0.0704080000000431,3.0,25,2048,0
24,24,0.07053389999998672,3.0,25,2048,0
25,25,0.07065820000002532,3.0,25,2048,0
26,26,0.07079169999997248,3.0,25,2048,0
27,27,0.07091920000004848,3.0,25,2048,0
28,28,0.07104690000005576,3.0,25,2048,0
29,29,0.07117430000005243,3.0,25,2048,0
30,30,0.071354499999984,3.0,25,2048,0
31,31,0.07148540000002868,3.0,25,2048,0
32,32,0.07161919999998645,3.0,25,2048,0
33,33,0.08940670000004047,3.0,25,2048,0
34,34,0.08955790000004527,3.0,25,2048,0
35,35,0.0896916000000374,3.0,25,2048,0
36,36,0.08983690000002298,3.0,25,2048,0
37,37,0.08997499999998126,3.0,25,2048,0
38,38,0.0901082000000315,3.0,25,2048,0
39,39,0.09025000000008276,3.0,25,2048,0
40,40,0.09038340000006428,3.0,25,2048,0
41,41,0.09051160000001346,3.0,25,2048,0
42,42,0.09065470000007281,3.0,25,2048,0
43,43,0.09078980000003867,3.0,25,2048,0
44,44,0.09092329999998583,3.0,25,2048,0
45,45,0.09105759999999918,3.0,25,2048,0
46,46,0.09118980000005195,2.0,25,2048,0
47,47,0.09139320000008411,2.0,25,2048,0
48,48,0.09153579999997419,2.0,25,2048,0
49,49,0.09167150000007496,2.0,25,2048,0
50,50,0.09180739999999332,2.0,25,2048,0
51,51,0.0919407000000092,2.0,25,2048,0
52,52,0.09206970000002457,2.0,25,2048,0
53,53,0.09221209999998337,2.0,25,2048,0
54,54,0.09235620000004019,2.0,25,2048,0
55,55,0.09249099999999544,2.0,25,2048,0
56,56,0.09262510000007751,2.0,25,2048,0
57,57,0.09275680000007469,2.0,25,2048,0
58,58,0.09289320000004864,2.0,25,2048,0
59,59,0.09303829999998925,2.0,25,2048,0
60,60,0.09317399999997633,2.0,25,2048,0
61,61,0.09331789999998819,2.0,25,2048,0
62,62,0.09345350000000963,2.0,25,2048,0
63,63,0.09358580000002803,2.0,25,2048,0
64,64,0.09372730000006868,2.0,25,2048,0
65,65,0.1050670000000764,1.0,25,2048,0
66,66,0.10519520000002558,1.0,25,2048,0
67,67,0.10532880000005207,1.0,25,2048,0
68,68,0.10542040000007091,1.0,25,2048,0
69,69,0.10550039999998262,1.0,25,2048,0
70,70,0.10557879999998931,1.0,25,2048,0
71,71,0.10565700000006473,1.0,25,2048,0
72,72,0.10573340000007647,1.0,25,2048,0
73,73,0.1058135000000675,1.0,25,2048,0
74,74,0.10589049999998679,1.0,25,2048,0
75,75,0.10596729999997478,1.0,25,2048,0
76,76,0.10604490000002897,1.0,25,2048,0
77,77,0.10612079999998514,1.0,25,2048,0
78,78,0.10625440000001163,1.0,25,2048,0
79,79,0.10633970000003501,1.0,25,2048,0
80,80,0.10641880000002857,1.0,25,2048,0
81,81,0.10649640000008276,1.0,25,2048,0
82,82,0.10657379999997829,1.0,25,2048,0
83,83,0.10665100000005623,1.0,25,2048,0
84,84,0.10672799999997551,1.0,25,2048,0
85,85,0.1068048000000772,1.0,25,2048,0
86,86,0.10688270000002831,1.0,25,2048,0
87,87,0.10696120000000064,1.0,25,2048,0
88,88,0.1070395000000417,1.0,25,2048,0
89,89,0.10711839999999029,1.0,25,2048,0
90,90,0.10719570000003387,1.0,25,2048,0
91,91,0.10729079999998703,1.0,25,2048,0
92,92,0.1073701999999912,1.0,25,2048,0
93,93,0.10744760000000042,1.0,25,2048,0
94,94,0.10752480000007836,1.0,25,2048,0
95,95,0.10760210000000825,1.0,25,2048,0
96,96,0.10767940000005183,1.0,25,2048,0
97,97,0.10775820000003478,1.0,25,2048,0
98,98,0.10783500000002277,1.0,25,2048,0
99,99,0.10791419999998197,1.0,25,2048,0
100,100,0.10799220000001242,1.0,25,2048,0
101,101,0.10807069999998475,1.0,25,2048,0
102,102,0.10814920000007078,1.0,25,2048,0
103,103,0.10824090000005526,1.0,25,2048,0
104,104,0.10832349999998314,1.0,25,2048,0
105,105,0.10840170000005855,1.0,25,2048,0
106,106,0.10847940000007839,1.0,25,2048,0
107,107,0.10856020000005628,1.0,25,2048,0
108,108,0.10864020000008168,1.0,25,2048,0
109,109,0.10871970000005149,1.0,25,2048,0
110,110,0.10879820000002383,1.0,25,2048,0
111,111,0.10887769999999364,1.0,25,2048,0
112,112,0.10895700000003217,1.0,25,2048,0
113,113,0.10903500000006261,1.0,25,2048,0
114,114,0.10911429999998745,1.0,25,2048,0
115,115,0.10919300000000476,1.0,25,2048,0
116,116,0.10928880000005847,1.0,25,2048,0
117,117,0.10940820000007534,1.0,25,2048,0
118,118,0.10948880000000827,1.0,25,2048,0
119,119,0.10956800000008116,1.0,25,2048,0
120,120,0.10964750000005097,1.0,25,2048,0
121,121,0.10972790000005261,1.0,25,2048,0
122,122,0.10980800000004365,1.0,25,2048,0
123,123,0.10988830000007965,1.0,25,2048,0
124,124,0.1099676000000045,1.0,25,2048,0
125,125,0.11004650000006677,1.0,25,2048,0
126,126,0.11012610000000222,1.0,25,2048,0
127,127,0.11020940000003066,1.0,25,2048,0
128,128,0.11033520000000863,1.0,25,2048,0
129,129,0.12541380000004665,1.0,25,2048,0
130,130,0.1255677999999989,1.0,25,2048,0
131,131,0.12570679999998902,1.0,25,2048,0
132,132,0.12584309999999732,1.0,25,2048,0
133,133,0.12598700000000917,1.0,25,2048,0
134,134,0.12612490000003618,1.0,25,2048,0
135,135,0.12630130000002282,1.0,25,2048,0
136,136,0.12644860000000335,1.0,25,2048,0
137,137,0.12658570000007785,1.0,25,2048,0
138,138,0.12672029999998813,1.0,25,2048,0
139,139,0.12686600000006365,1.0,25,2048,0
140,140,0.1270035000000007,1.0,25,2048,0
141,141,0.12713760000008278,1.0,25,2048,0
142,142,0.12732470000003104,1.0,25,2048,0
143,143,0.12746420000007674,1.0,25,2048,0
144,144,0.1275993000000426,1.0,25,2048,0
145,145,0.12774380000007568,1.0,25,2048,0
146,146,0.12788130000001274,1.0,25,2048,0
147,147,0.12801539999998113,1.0,25,2048,0
148,148,0.12815899999998237,1.0,25,2048,0
149,149,0.12834299999997256,1.0,25,2048,0
150,150,0.12847840000006272,1.0,25,2048,0
151,151,0.12862440000003517,1.0,25,2048,0
152,152,0.1287624000000278,1.0,25,2048,0
153,153,0.1288979000000836,1.0,25,2048,0
154,154,0.12904170000001614,1.0,25,2048,0
155,155,0.12918150000007245,1.0,25,2048,0
156,156,0.12935909999998785,1.0,25,2048,0
157,157,0.1295046000000184,1.0,25,2048,0
158,158,0.12964360000000852,1.0,25,2048,0
159,159,0.129778999999985,1.0,25,2048,0
160,160,0.12995920000003025,1.0,25,2048,0
161,161,0.13155860000006214,1.0,25,2048,0
162,162,0.13174579999997604,1.0,25,2048,0
163,163,0.13184899999998834,1.0,25,2048,0
164,164,0.1319376999999804,1.0,25,2048,0
165,165,0.1320231000000831,1.0,25,2048,0
166,166,0.1321067999999741,1.0,25,2048,0
167,167,0.1321900000000369,1.0,25,2048,0
168,168,0.1322940000000017,1.0,25,2048,0
169,169,0.132381500000065,1.0,25,2048,0
170,170,0.1324650000000247,1.0,25,2048,0
171,171,0.13254870000002938,1.0,25,2048,0
172,172,0.1326321999999891,1.0,25,2048,0
173,173,0.13271529999997256,1.0,25,2048,0
174,174,0.13280010000005404,1.0,25,2048,0
175,175,0.13288350000004812,1.0,25,2048,0
176,176,0.13296660000003158,1.0,25,2048,0
177,177,0.13304890000006253,1.0,25,2048,0
178,178,0.13313160000006974,1.0,25,2048,0
179,179,0.1332147000000532,1.0,25,2048,0
180,180,0.1333043000000771,1.0,25,2048,0
181,181,0.13338800000008177,1.0,25,2048,0
182,182,0.13347010000006776,1.0,25,2048,0
183,183,0.13355330000001686,1.0,25,2048,0
184,184,0.1336369000000559,1.0,25,2048,0
185,185,0.13372100000003684,1.0,25,2048,0
186,186,0.13380460000007588,1.0,25,2048,0
187,187,0.13389189999998052,1.0,25,2048,0
188,188,0.1339761000000408,1.0,25,2048,0
189,189,0.1340596000000005,1.0,25,2048,0
190,190,0.13414330000000518,1.0,25,2048,0
191,191,0.13423169999998663,1.0,25,2048,0
192,192,0.13435000000004038,1.0,25,2048,0
193,193,0.1345901000000822,1.0,25,2048,0
194,194,0.1348064000000022,1.0,25,2048,0
195,195,0.13503209999998944,1.0,25,2048,0
196,196,0.13525340000001052,1.0,25,2048,0
197,197,0.1354131000000507,1.0,25,2048,0
198,198,0.135582500000055,1.0,25,2048,0
199,199,0.13574840000001132,1.0,25,2048,0
200,200,0.1359044000000722,1.0,25,2048,0
201,201,0.13607020000006287,1.0,25,2048,0
202,202,0.136294600000042,1.0,25,2048,0
203,203,0.13647000000003118,1.0,25,2048,0
204,204,0.13663420000000315,1.0,25,2048,0
205,205,0.13679079999997157,1.0,25,2048,0
206,206,0.1369533000000729,1.0,25,2048,0
207,207,0.13711690000002363,1.0,25,2048,0
208,208,0.13729530000000523,1.0,25,2048,0
209,209,0.13747000000000753,1.0,25,2048,0
210,210,0.1376321000000189,1.0,25,2048,0
211,211,0.13778839999997672,1.0,25,2048,0
212,212,0.13794689999997445,0.0,25,2048,0
213,213,0.13820770000006632,15.0,75,2048,0
214,214,0.00016640000001189037,15.0,75,2048,0
215,215,0.0013284999999996217,13.0,75,2048,0
216,216,0.018437400000038906,13.0,75,2048,0
217,217,0.030354200000033416,12.0,75,2048,0
218,218,0.030442999999991116,9.0,75,2048,0
219,219,0.043413600000008046,9.0,75,2048,0
220,220,0.04353500000001986,9.0,75,2048,0
221,221,0.043614400000024034,9.0,75,2048,0
222,222,0.04368950000002769,9.0,75,2048,0
223,223,0.056426500000043234,9.0,75,2048,0
224,224,0.056667899999979454,9.0,75,2048,0
225,225,0.05690419999996266,8.0,75,2048,0
226,226,0.057131899999944835,7.0,75,2048,0
227,227,0.05738140000005387,7.0,75,2048,0
228,228,0.05750369999998384,7.0,75,2048,0
229,229,0.057582700000011755,7.0,75,2048,0
230,230,0.05765889999997853,7.0,75,2048,0
231,231,0.07379739999998947,6.0,75,2048,0
232,232,0.07394810000005236,3.0,75,2048,0
233,233,0.07414970000002086,3.0,75,2048,0
234,234,0.0743556999999555,3.0,75,2048,0
235,235,0.07449140000005627,3.0,75,2048,0
236,236,0.07462539999994533,3.0,75,2048,0
237,237,0.07475769999996373,3.0,75,2048,0
238,238,0.07489029999999275,3.0,75,2048,0
239,239,0.07502520000002733,3.0,75,2048,0
240,240,0.07515809999995327,3.0,75,2048,0
241,241,0.07529999999997017,3.0,75,2048,0
242,242,0.07543610000004719,3.0,75,2048,0
243,243,0.07556890000000749,3.0,75,2048,0
244,244,0.07570060000000467,3.0,75,2048,0
245,245,0.07583220000003621,3.0,75,2048,0
246,246,0.07596390000003339,3.0,75,2048,0
247,247,0.09132390000002033,3.0,75,2048,0
248,248,0.0914752999999564,3.0,75,2048,0
249,249,0.09161310000001777,3.0,75,2048,0
250,250,0.09174649999999929,3.0,75,2048,0
251,251,0.09187870000005205,3.0,75,2048,0
252,252,0.09200959999998304,3.0,75,2048,0
253,253,0.09214059999999336,3.0,75,2048,0
254,254,0.0922778000000335,3.0,75,2048,0
255,255,0.09241050000002815,3.0,75,2048,0
256,256,0.09254160000000411,3.0,75,2048,0
257,257,0.0926712000000407,3.0,75,2048,0
258,258,0.09279990000004545,3.0,75,2048,0
259,259,0.09293030000003455,2.0,75,2048,0
260,260,0.09305879999999433,2.0,75,2048,0
261,261,0.09325809999995727,2.0,75,2048,0
262,262,0.09340280000003531,2.0,75,2048,0
263,263,0.09353420000002188,2.0,75,2048,0
264,264,0.0936640999999554,2.0,75,2048,0
265,265,0.09379490000003443,2.0,75,2048,0
266,266,0.09392739999998412,2.0,75,2048,0
267,267,0.09405709999998635,2.0,75,2048,0
268,268,0.0941874000000098,2.0,75,2048,0
269,269,0.09432330000004185,2.0,75,2048,0
270,270,0.09445909999999458,2.0,75,2048,0
271,271,0.09458870000003117,2.0,75,2048,0
272,272,0.09471810000002279,2.0,75,2048,0
273,273,0.09485089999998308,2.0,75,2048,0
274,274,0.09498210000003837,2.0,75,2048,0
275,275,0.09511290000000372,2.0,75,2048,0
276,276,0.09524369999996907,2.0,75,2048,0
277,277,0.09538229999998293,2.0,75,2048,0
278,278,0.09551490000001195,1.0,75,2048,0
279,279,0.11370920000001661,1.0,75,2048,0
280,280,0.11392469999998411,1.0,75,2048,0
281,281,0.11406269999997676,1.0,75,2048,0
282,282,0.11419579999994767,1.0,75,2048,0
283,283,0.11434510000003684,1.0,75,2048,0
284,284,0.11448089999998956,1.0,75,2048,0
285,285,0.11461110000004737,1.0,75,2048,0
286,286,0.1147528000000193,1.0,75,2048,0
287,287,0.11488899999994828,1.0,75,2048,0
288,288,0.11501840000005359,1.0,75,2048,0
289,289,0.11515640000004623,1.0,75,2048,0
290,290,0.1153034999999818,1.0,75,2048,0
291,291,0.11543640000002142,1.0,75,2048,0
292,292,0.11557519999996657,1.0,75,2048,0
293,293,0.1157128999999486,1.0,75,2048,0
294,294,0.11584570000002259,1.0,75,2048,0
295,295,0.11597849999998289,1.0,75,2048,0
296,296,0.1161183000000392,1.0,75,2048,0
297,297,0.11625949999995555,1.0,75,2048,0
298,298,0.11639230000002954,1.0,75,2048,0
299,299,0.1165349000000333,1.0,75,2048,0
300,300,0.11666999999999916,1.0,75,2048,0
301,301,0.11680009999997765,1.0,75,2048,0
302,302,0.11694299999999203,1.0,75,2048,0
303,303,0.1170819000000165,1.0,75,2048,0
304,304,0.11721420000003491,1.0,75,2048,0
305,305,0.11736480000001848,1.0,75,2048,0
306,306,0.11750449999999546,1.0,75,2048,0
307,307,0.11763740000003509,1.0,75,2048,0
308,308,0.11777119999999286,1.0,75,2048,0
309,309,0.11791349999998602,1.0,75,2048,0
310,310,0.11805260000005546,1.0,75,2048,0
311,311,0.11818400000004203,1.0,75,2048,0
312,312,0.11833660000002055,1.0,75,2048,0
313,313,0.11847499999998945,1.0,75,2048,0
314,314,0.11860279999996237,1.0,75,2048,0
315,315,0.1187472000000298,1.0,75,2048,0
316,316,0.11888490000001184,1.0,75,2048,0
317,317,0.11901590000002216,1.0,75,2048,0
318,318,0.11915910000004715,1.0,75,2048,0
319,319,0.11930680000000393,1.0,75,2048,0
320,320,0.1194421999999804,1.0,75,2048,0
321,321,0.11958749999996598,1.0,75,2048,0
322,322,0.11972879999996167,1.0,75,2048,0
323,323,0.11986279999996441,1.0,75,2048,0
324,324,0.12000250000005508,1.0,75,2048,0
325,325,0.12014339999996082,1.0,75,2048,0
326,326,0.12028720000000703,1.0,75,2048,0
327,327,0.12042369999994662,1.0,75,2048,0
328,328,0.12056559999996352,1.0,75,2048,0
329,329,0.12070200000005116,1.0,75,2048,0
330,330,0.12083549999999832,1.0,75,2048,0
331,331,0.12097860000005767,1.0,75,2048,0
332,332,0.1211151999999629,1.0,75,2048,0
333,333,0.1212547000000086,1.0,75,2048,0
334,334,0.1214010999999573,1.0,75,2048,0
335,335,0.12153839999996308,1.0,75,2048,0
336,336,0.12167199999998957,1.0,75,2048,0
337,337,0.1218168999999989,1.0,75,2048,0
338,338,0.12195529999996779,1.0,75,2048,0
339,339,0.12208929999997054,1.0,75,2048,0
340,340,0.12223689999996168,1.0,75,2048,0
341,341,0.12238830000001144,1.0,75,2048,0
342,342,0.12252379999995355,1.0,75,2048,0
343,343,0.14093449999995755,1.0,75,2048,0
344,344,0.1410947000000533,1.0,75,2048,0
345,345,0.14123989999995956,1.0,75,2048,0
346,346,0.14138649999995323,1.0,75,2048,0
347,347,0.1415395000000217,1.0,75,2048,0
348,348,0.1416825000000017,1.0,75,2048,0
349,349,0.1418198000000075,1.0,75,2048,0
350,350,0.14196939999999358,1.0,75,2048,0
351,351,0.1421116000000211,1.0,75,2048,0
352,352,0.1422542999999905,1.0,75,2048,0
353,353,0.14240489999997408,1.0,75,2048,0
354,354,0.14254889999995157,1.0,75,2048,0
355,355,0.14268970000000536,1.0,75,2048,0
356,356,0.1428392000000258,1.0,75,2048,0
357,357,0.14298299999995834,1.0,75,2048,0
358,358,0.14311989999998787,1.0,75,2048,0
359,359,0.14327530000002753,1.0,75,2048,0
360,360,0.14341909999996005,1.0,75,2048,0
361,361,0.1435566000000108,1.0,75,2048,0
362,362,0.1437042999999676,1.0,75,2048,0
363,363,0.14384979999999814,1.0,75,2048,0
364,364,0.14398830000004637,1.0,75,2048,0
365,365,0.14413899999999558,1.0,75,2048,0
366,366,0.14428980000002412,1.0,75,2048,0
367,367,0.14442750000000615,1.0,75,2048,0
368,368,0.1445789000000559,1.0,75,2048,0
369,369,0.1447230999999647,1.0,75,2048,0
370,370,0.14486079999994672,1.0,75,2048,0
371,371,0.14500829999997222,1.0,75,2048,0
372,372,0.14515100000005532,1.0,75,2048,0
373,373,0.1452963000000409,1.0,75,2048,0
374,374,0.1454466999999795,1.0,75,2048,0
375,375,0.1455915000000232,1.0,75,2048,0
376,376,0.14572929999997086,1.0,75,2048,0
377,377,0.1458757999999989,1.0,75,2048,0
378,378,0.146020099999987,1.0,75,2048,0
379,379,0.14615730000002713,1.0,75,2048,0
380,380,0.14631069999995816,1.0,75,2048,0
381,381,0.1464558999999781,1.0,75,2048,0
382,382,0.14659329999994952,1.0,75,2048,0
383,383,0.14674170000000686,1.0,75,2048,0
384,384,0.14688779999994495,1.0,75,2048,0
385,385,0.14702620000002753,1.0,75,2048,0
386,386,0.14717299999995248,1.0,75,2048,0
387,387,0.14732490000005782,1.0,75,2048,0
388,388,0.1474666999999954,1.0,75,2048,0
389,389,0.14761590000000524,1.0,75,2048,0
390,390,0.14776040000003832,1.0,75,2048,0
391,391,0.14789889999997285,1.0,75,2048,0
392,392,0.14804800000001705,1.0,75,2048,0
393,393,0.1481920999999602,1.0,75,2048,0
394,394,0.14833920000000944,1.0,75,2048,0
395,395,0.14849160000005668,1.0,75,2048,0
396,396,0.14863809999997102,1.0,75,2048,0
397,397,0.14877820000003794,1.0,75,2048,0
398,398,0.14893050000000585,1.0,75,2048,0
399,399,0.1490757000000258,1.0,75,2048,0
400,400,0.14921609999998964,1.0,75,2048,0
401,401,0.1493775999999798,1.0,75,2048,0
402,402,0.14952330000005531,1.0,75,2048,0
403,403,0.14966449999997167,1.0,75,2048,0
404,404,0.14981799999998202,1.0,75,2048,0
405,405,0.14996399999995447,1.0,75,2048,0
406,406,0.15010900000004312,1.0,75,2048,0
407,407,0.15026739999996153,1.0,75,2048,0
408,408,0.15041580000001886,1.0,75,2048,0
409,409,0.15055889999996452,1.0,75,2048,0
410,410,0.15070939999998245,1.0,75,2048,0
411,411,0.15085529999998926,1.0,75,2048,0
412,412,0.1509997000000567,1.0,75,2048,0
413,413,0.15115290000005643,1.0,75,2048,0
414,414,0.15130529999998998,1.0,75,2048,0
415,415,0.1514562999999498,1.0,75,2048,0
416,416,0.15161000000000513,1.0,75,2048,0
417,417,0.1517546999999695,1.0,75,2048,0
418,418,0.151907299999948,1.0,75,2048,0
419,419,0.15205730000002404,1.0,75,2048,0
420,420,0.15220099999999093,1.0,75,2048,0
421,421,0.15236010000000988,1.0,75,2048,0
422,422,0.15251020000005155,1.0,75,2048,0
423,423,0.15265499999998156,1.0,75,2048,0
424,424,0.15281210000000556,1.0,75,2048,0
425,425,0.1529620999999679,0.0,75,2048,0
426,426,0.15310380000005352,15.0,100,2048,0
427,427,0.15333329999998568,15.0,100,2048,0
428,428,0.00018739999995887047,13.0,100,2048,0
429,429,0.001339199999961238,13.0,100,2048,0
430,430,0.016734899999960362,12.0,100,2048,0
431,431,0.03184750000002623,9.0,100,2048,0
432,432,0.0319389000000001,9.0,100,2048,0
433,433,0.049267800000052375,9.0,100,2048,0
434,434,0.049478099999987535,9.0,100,2048,0
435,435,0.04961079999998219,9.0,100,2048,0
436,436,0.04973440000003393,9.0,100,2048,0
437,437,0.06638190000001032,9.0,100,2048,0
438,438,0.06653710000000501,8.0,100,2048,0
439,439,0.06667019999997592,7.0,100,2048,0
440,440,0.06679610000003322,7.0,100,2048,0
441,441,0.0669954999999618,7.0,100,2048,0
442,442,0.0672081000000162,7.0,100,2048,0
443,443,0.06734640000001946,7.0,100,2048,0
444,444,0.06748070000003281,6.0,100,2048,0
445,445,0.08770189999995637,3.0,100,2048,0
446,446,0.0878463000000238,3.0,100,2048,0
447,447,0.088049500000011,3.0,100,2048,0
448,448,0.08825769999998556,3.0,100,2048,0
449,449,0.08839590000002318,3.0,100,2048,0
450,450,0.08852709999996478,3.0,100,2048,0
451,451,0.08865670000000136,3.0,100,2048,0
452,452,0.08879379999996218,3.0,100,2048,0
453,453,0.08892619999994622,3.0,100,2048,0
454,454,0.08905819999995401,3.0,100,2048,0
455,455,0.08919679999996788,3.0,100,2048,0
456,456,0.08932660000004944,3.0,100,2048,0
457,457,0.0894577000000254,3.0,100,2048,0
458,458,0.08959519999996246,3.0,100,2048,0
459,459,0.08972749999998086,3.0,100,2048,0
460,460,0.08985880000000179,3.0,100,2048,0
461,461,0.10706600000003164,3.0,100,2048,0
462,462,0.10717150000004949,3.0,100,2048,0
463,463,0.10725730000001477,3.0,100,2048,0
464,464,0.10733549999997649,3.0,100,2048,0
465,465,0.10741110000003573,3.0,100,2048,0
466,466,0.10748579999994945,3.0,100,2048,0
467,467,0.10763320000000931,3.0,100,2048,0
468,468,0.10778110000001107,3.0,100,2048,0
469,469,0.10789699999997993,3.0,100,2048,0
470,470,0.10800910000000385,3.0,100,2048,0
471,471,0.1081314000000475,3.0,100,2048,0
472,472,0.10828860000003715,2.0,100,2048,0
473,473,0.10843360000001212,2.0,100,2048,0
474,474,0.10857690000000275,2.0,100,2048,0
475,475,0.10878200000001925,2.0,100,2048,0
476,476,0.10892149999995127,2.0,100,2048,0
477,477,0.10906120000004194,2.0,100,2048,0
478,478,0.10920469999996385,2.0,100,2048,0
479,479,0.10933969999996407,2.0,100,2048,0
480,480,0.10947239999995872,2.0,100,2048,0
481,481,0.10960230000000593,2.0,100,2048,0
482,482,0.1097336999999925,2.0,100,2048,0
483,483,0.1098636000000397,2.0,100,2048,0
484,484,0.10999379999998382,2.0,100,2048,0
485,485,0.11012840000000779,2.0,100,2048,0
486,486,0.11025989999996,2.0,100,2048,0
487,487,0.11039249999998901,2.0,100,2048,0
488,488,0.1105244999999968,2.0,100,2048,0
489,489,0.110654400000044,2.0,100,2048,0
490,490,0.11078620000000683,2.0,100,2048,0
491,491,0.11091629999998531,1.0,100,2048,0
492,492,0.11104790000001685,1.0,100,2048,0
493,493,0.13029240000003028,1.0,100,2048,0
494,494,0.13048109999999724,1.0,100,2048,0
495,495,0.1306018000000222,1.0,100,2048,0
496,496,0.13072090000002845,1.0,100,2048,0
497,497,0.1308381000000054,1.0,100,2048,0
498,498,0.13095459999999548,1.0,100,2048,0
499,499,0.13107109999998556,1.0,100,2048,0
500,500,0.13116539999998622,1.0,100,2048,0
501,501,0.13124809999999343,1.0,100,2048,0
502,502,0.13132770000004257,1.0,100,2048,0
503,503,0.1314059000000043,1.0,100,2048,0
504,504,0.13148279999995793,1.0,100,2048,0
505,505,0.13155919999996968,1.0,100,2048,0
506,506,0.1316358000000264,1.0,100,2048,0
507,507,0.1317120999999588,1.0,100,2048,0
508,508,0.13178900000002614,1.0,100,2048,0
509,509,0.13186659999996664,1.0,100,2048,0
510,510,0.13194399999997586,1.0,100,2048,0
511,511,0.1320216999999957,1.0,100,2048,0
512,512,0.13216799999997875,1.0,100,2048,0
513,513,0.13233960000002298,1.0,100,2048,0
514,514,0.13248989999999594,1.0,100,2048,0
515,515,0.13263729999994212,1.0,100,2048,0
516,516,0.1327837000000045,1.0,100,2048,0
517,517,0.13292969999997695,1.0,100,2048,0
518,518,0.1330738999999994,1.0,100,2048,0
519,519,0.13322610000000168,1.0,100,2048,0
520,520,0.1333726000000297,1.0,100,2048,0
521,521,0.1335179000000153,1.0,100,2048,0
522,522,0.13366599999994833,1.0,100,2048,0
523,523,0.13381100000003698,1.0,100,2048,0
524,524,0.133959300000015,1.0,100,2048,0
525,525,0.13410499999997683,1.0,100,2048,0
526,526,0.13425740000002406,1.0,100,2048,0
527,527,0.13440570000000207,1.0,100,2048,0
528,528,0.1345497999999452,1.0,100,2048,0
529,529,0.1346932999999808,1.0,100,2048,0
530,530,0.1348368000000164,1.0,100,2048,0
531,531,0.13498089999995955,1.0,100,2048,0
532,532,0.1351306999999906,1.0,100,2048,0
533,533,0.13530360000004293,1.0,100,2048,0
534,534,0.13544999999999163,1.0,100,2048,0
535,535,0.1355968999999959,1.0,100,2048,0
536,536,0.13574259999995775,1.0,100,2048,0
537,537,0.13588670000001457,1.0,100,2048,0
538,538,0.1360356000000138,1.0,100,2048,0
539,539,0.1361872999999605,1.0,100,2048,0
540,540,0.1363399000000527,1.0,100,2048,0
541,541,0.1365421000000424,1.0,100,2048,0
542,542,0.13677519999998822,1.0,100,2048,0
543,543,0.13693739999996524,1.0,100,2048,0
544,544,0.13708770000005188,1.0,100,2048,0
545,545,0.13725739999995312,1.0,100,2048,0
546,546,0.13741110000000845,1.0,100,2048,0
547,547,0.1375590000000102,1.0,100,2048,0
548,548,0.13770609999994576,1.0,100,2048,0
549,549,0.1378524000000425,1.0,100,2048,0
550,550,0.13799859999994624,1.0,100,2048,0
551,551,0.13815039999997225,1.0,100,2048,0
552,552,0.13830059999997957,1.0,100,2048,0
553,553,0.1384471000000076,1.0,100,2048,0
554,554,0.13859360000003562,1.0,100,2048,0
555,555,0.1387436999999636,1.0,100,2048,0
556,556,0.13889319999998406,1.0,100,2048,0
557,557,0.1602392999999438,1.0,100,2048,0
558,558,0.16039550000004965,1.0,100,2048,0
559,559,0.16053790000000845,1.0,100,2048,0
560,560,0.16068970000003446,1.0,100,2048,0
561,561,0.16083230000003823,1.0,100,2048,0
562,562,0.16096879999997782,1.0,100,2048,0
563,563,0.1611268999999993,1.0,100,2048,0
564,564,0.161271499999998,1.0,100,2048,0
565,565,0.16140789999997196,1.0,100,2048,0
566,566,0.16155849999995553,1.0,100,2048,0
567,567,0.16170090000002801,1.0,100,2048,0
568,568,0.1618373999999676,1.0,100,2048,0
569,569,0.16198910000002797,1.0,100,2048,0
570,570,0.16213970000001154,1.0,100,2048,0
571,571,0.1622787999999673,1.0,100,2048,0
572,572,0.16243099999996957,1.0,100,2048,0
573,573,0.16257329999996273,1.0,100,2048,0
574,574,0.1627111000000241,1.0,100,2048,0
575,575,0.16286200000001827,1.0,100,2048,0
576,576,0.1630044999999427,1.0,100,2048,0
577,577,0.16315129999998135,1.0,100,2048,0
578,578,0.16330300000004172,1.0,100,2048,0
579,579,0.16344630000003235,1.0,100,2048,0
580,580,0.163584300000025,1.0,100,2048,0
581,581,0.16373510000005354,1.0,100,2048,0
582,582,0.1638792999999623,1.0,100,2048,0
583,583,0.16401799999994182,1.0,100,2048,0
584,584,0.164177699999982,1.0,100,2048,0
585,585,0.1643235999999888,1.0,100,2048,0
586,586,0.16446129999997083,1.0,100,2048,0
587,587,0.16461179999998876,1.0,100,2048,0
588,588,0.1647577999999612,1.0,100,2048,0
589,589,0.1648953999999776,1.0,100,2048,0
590,590,0.16504429999997683,1.0,100,2048,0
591,591,0.165233599999965,1.0,100,2048,0
592,592,0.16538019999995868,1.0,100,2048,0
593,593,0.1655318000000534,1.0,100,2048,0
594,594,0.16567720000000463,1.0,100,2048,0
595,595,0.16581570000005286,1.0,100,2048,0
596,596,0.16596739999999954,1.0,100,2048,0
597,597,0.16611909999994623,1.0,100,2048,0
598,598,0.16626069999995252,1.0,100,2048,0
599,599,0.16642330000001948,1.0,100,2048,0
600,600,0.16656880000005003,1.0,100,2048,0
601,601,0.16670690000000832,1.0,100,2048,0
602,602,0.166862100000003,1.0,100,2048,0
603,603,0.16700590000004922,1.0,100,2048,0
604,604,0.16715160000001106,1.0,100,2048,0
605,605,0.16730410000002394,1.0,100,2048,0
606,606,0.16745000000003074,1.0,100,2048,0
607,607,0.16759079999997084,1.0,100,2048,0
608,608,0.16774329999998372,1.0,100,2048,0
609,609,0.16788850000000366,1.0,100,2048,0
610,610,0.16802819999998064,1.0,100,2048,0
611,611,0.1681876000000102,1.0,100,2048,0
612,612,0.16833499999995638,1.0,100,2048,0
613,613,0.16847599999994145,1.0,100,2048,0
614,614,0.1686273999999912,1.0,100,2048,0
615,615,0.16877169999997932,1.0,100,2048,0
616,616,0.16891359999999622,1.0,100,2048,0
617,617,0.16906500000004598,1.0,100,2048,0
618,618,0.1692332999999735,1.0,100,2048,0
619,619,0.16938249999998334,1.0,100,2048,0
620,620,0.1695346999999856,1.0,100,2048,0
621,621,0.16967969999996058,1.0,100,2048,0
622,622,0.16982789999997294,1.0,100,2048,0
623,623,0.169979499999954,1.0,100,2048,0
624,624,0.17012929999998505,1.0,100,2048,0
625,625,0.1702820000000429,1.0,100,2048,0
626,626,0.1704343000000108,1.0,100,2048,0
627,627,0.170579900000007,1.0,100,2048,0
628,628,0.17073389999995925,1.0,100,2048,0
629,629,0.17088409999996657,1.0,100,2048,0
630,630,0.17103020000001834,1.0,100,2048,0
631,631,0.17119309999998222,1.0,100,2048,0
632,632,0.17134339999995518,1.0,100,2048,0
633,633,0.17148680000002514,1.0,100,2048,0
634,634,0.17164130000003297,1.0,100,2048,0
635,635,0.1717905000000428,1.0,100,2048,0
636,636,0.17193159999999352,1.0,100,2048,0
637,637,0.1720876000000544,1.0,100,2048,0
638,638,0.17224450000003344,0.0,100,2048,0
